Song_052.mp3,Song_094.mp3,Song_080.mp3,Song_087.mp3,Song_011.mp3,Song_062.mp3,Song_063.mp3,Song_035.mp3,Song_024.mp3,Song_003.mp3,Song_029.mp3,Song_089.mp3,Song_008.mp3,Song_001.mp3,Song_047.mp3,Song_093.mp3,Song_099.mp3,Song_038.mp3,Song_066.mp3,Song_050.mp3,Song_061.mp3,Song_079.mp3,Song_042.mp3,Song_059.mp3,Song_103.mp3,Song_023.mp3,Song_108.mp3,Song_039.mp3,Song_018.mp3,Song_081.mp3,Song_019.mp3,Song_007.mp3,Song_004.mp3,Song_006.mp3,Song_101.mp3,Song_030.mp3,Song_048.mp3,Song_037.mp3,Song_012.mp3,Song_033.mp3,Song_054.mp3,Song_106.mp3,Song_105.mp3,Song_002.mp3,Song_015.mp3,Song_021.mp3,Song_069.mp3,Song_090.mp3,Song_085.mp3,Song_096.mp3,Song_095.mp3,Song_020.mp3,Song_025.mp3,Song_073.mp3,Song_055.mp3
Song_044.mp3,Song_064.mp3,Song_078.mp3,Song_104.mp3,Song_046.mp3,Song_043.mp3,Song_068.mp3,Song_014.mp3,Song_065.mp3,Song_049.mp3,Song_084.mp3,Song_022.mp3,Song_074.mp3,Song_057.mp3,Song_032.mp3,Song_060.mp3,Song_091.mp3,Song_036.mp3,Song_086.mp3,Song_083.mp3,Song_010.mp3,Song_071.mp3,Song_082.mp3,Song_017.mp3,Song_109.mp3,Song_041.mp3,Song_034.mp3,Song_098.mp3,Song_051.mp3,Song_045.mp3,Song_100.mp3,Song_072.mp3,Song_013.mp3,Song_027.mp3,Song_058.mp3,Song_056.mp3,Song_016.mp3,Song_031.mp3,Song_040.mp3,Song_076.mp3,Song_070.mp3,Song_077.mp3,Song_088.mp3,Song_107.mp3,Song_102.mp3,Song_110.mp3,Song_097.mp3,Song_067.mp3,Song_026.mp3,Song_092.mp3,Song_028.mp3,Song_005.mp3,Song_009.mp3,Song_053.mp3,Song_075.mp3
Song_063.mp3,Song_007.mp3,Song_028.mp3,Song_061.mp3,Song_093.mp3,Song_059.mp3,Song_009.mp3,Song_047.mp3,Song_004.mp3,Song_037.mp3,Song_044.mp3,Song_094.mp3,Song_091.mp3,Song_014.mp3,Song_086.mp3,Song_103.mp3,Song_026.mp3,Song_072.mp3,Song_011.mp3,Song_050.mp3,Song_024.mp3,Song_067.mp3,Song_071.mp3,Song_029.mp3,Song_110.mp3,Song_080.mp3,Song_081.mp3,Song_015.mp3,Song_038.mp3,Song_023.mp3,Song_076.mp3,Song_090.mp3,Song_075.mp3,Song_085.mp3,Song_062.mp3,Song_083.mp3,Song_045.mp3,Song_034.mp3,Song_097.mp3,Song_017.mp3,Song_057.mp3,Song_087.mp3,Song_002.mp3,Song_074.mp3,Song_049.mp3,Song_107.mp3,Song_101.mp3,Song_012.mp3,Song_088.mp3,Song_068.mp3,Song_106.mp3,Song_046.mp3,Song_033.mp3,Song_042.mp3,Song_019.mp3
Song_040.mp3,Song_030.mp3,Song_043.mp3,Song_031.mp3,Song_052.mp3,Song_039.mp3,Song_105.mp3,Song_069.mp3,Song_020.mp3,Song_099.mp3,Song_089.mp3,Song_032.mp3,Song_003.mp3,Song_060.mp3,Song_070.mp3,Song_084.mp3,Song_066.mp3,Song_082.mp3,Song_036.mp3,Song_010.mp3,Song_098.mp3,Song_078.mp3,Song_016.mp3,Song_051.mp3,Song_104.mp3,Song_048.mp3,Song_102.mp3,Song_077.mp3,Song_108.mp3,Song_053.mp3,Song_025.mp3,Song_092.mp3,Song_001.mp3,Song_054.mp3,Song_065.mp3,Song_022.mp3,Song_064.mp3,Song_079.mp3,Song_027.mp3,Song_058.mp3,Song_018.mp3,Song_056.mp3,Song_021.mp3,Song_100.mp3,Song_109.mp3,Song_008.mp3,Song_013.mp3,Song_041.mp3,Song_096.mp3,Song_073.mp3,Song_006.mp3,Song_055.mp3,Song_005.mp3,Song_035.mp3,Song_095.mp3
Song_050.mp3,Song_043.mp3,Song_104.mp3,Song_067.mp3,Song_056.mp3,Song_096.mp3,Song_092.mp3,Song_082.mp3,Song_015.mp3,Song_071.mp3,Song_048.mp3,Song_047.mp3,Song_063.mp3,Song_052.mp3,Song_053.mp3,Song_034.mp3,Song_077.mp3,Song_065.mp3,Song_101.mp3,Song_003.mp3,Song_020.mp3,Song_072.mp3,Song_095.mp3,Song_068.mp3,Song_081.mp3,Song_045.mp3,Song_036.mp3,Song_051.mp3,Song_094.mp3,Song_027.mp3,Song_013.mp3,Song_075.mp3,Song_004.mp3,Song_042.mp3,Song_023.mp3,Song_037.mp3,Song_066.mp3,Song_007.mp3,Song_010.mp3,Song_091.mp3,Song_022.mp3,Song_029.mp3,Song_110.mp3,Song_069.mp3,Song_106.mp3,Song_080.mp3,Song_006.mp3,Song_014.mp3,Song_040.mp3,Song_058.mp3,Song_018.mp3,Song_079.mp3,Song_046.mp3,Song_049.mp3,Song_107.mp3
Song_044.mp3,Song_073.mp3,Song_090.mp3,Song_054.mp3,Song_019.mp3,Song_099.mp3,Song_109.mp3,Song_060.mp3,Song_089.mp3,Song_087.mp3,Song_059.mp3,Song_105.mp3,Song_100.mp3,Song_009.mp3,Song_041.mp3,Song_108.mp3,Song_083.mp3,Song_030.mp3,Song_008.mp3,Song_017.mp3,Song_085.mp3,Song_070.mp3,Song_088.mp3,Song_031.mp3,Song_024.mp3,Song_064.mp3,Song_032.mp3,Song_025.mp3,Song_005.mp3,Song_103.mp3,Song_093.mp3,Song_057.mp3,Song_098.mp3,Song_026.mp3,Song_062.mp3,Song_038.mp3,Song_102.mp3,Song_097.mp3,Song_016.mp3,Song_061.mp3,Song_012.mp3,Song_011.mp3,Song_002.mp3,Song_033.mp3,Song_084.mp3,Song_086.mp3,Song_039.mp3,Song_076.mp3,Song_035.mp3,Song_028.mp3,Song_001.mp3,Song_021.mp3,Song_074.mp3,Song_055.mp3,Song_078.mp3
Song_013.mp3,Song_065.mp3,Song_047.mp3,Song_034.mp3,Song_017.mp3,Song_082.mp3,Song_071.mp3,Song_100.mp3,Song_103.mp3,Song_007.mp3,Song_077.mp3,Song_063.mp3,Song_031.mp3,Song_012.mp3,Song_042.mp3,Song_072.mp3,Song_029.mp3,Song_092.mp3,Song_098.mp3,Song_053.mp3,Song_106.mp3,Song_084.mp3,Song_075.mp3,Song_087.mp3,Song_083.mp3,Song_105.mp3,Song_062.mp3,Song_074.mp3,Song_095.mp3,Song_004.mp3,Song_015.mp3,Song_096.mp3,Song_066.mp3,Song_033.mp3,Song_073.mp3,Song_025.mp3,Song_041.mp3,Song_023.mp3,Song_014.mp3,Song_048.mp3,Song_035.mp3,Song_008.mp3,Song_006.mp3,Song_060.mp3,Song_036.mp3,Song_081.mp3,Song_003.mp3,Song_005.mp3,Song_078.mp3,Song_086.mp3,Song_076.mp3,Song_068.mp3,Song_038.mp3,Song_107.mp3,Song_056.mp3
Song_070.mp3,Song_024.mp3,Song_002.mp3,Song_026.mp3,Song_045.mp3,Song_020.mp3,Song_061.mp3,Song_088.mp3,Song_064.mp3,Song_110.mp3,Song_028.mp3,Song_109.mp3,Song_011.mp3,Song_016.mp3,Song_099.mp3,Song_055.mp3,Song_091.mp3,Song_046.mp3,Song_052.mp3,Song_094.mp3,Song_039.mp3,Song_010.mp3,Song_059.mp3,Song_030.mp3,Song_049.mp3,Song_090.mp3,Song_101.mp3,Song_108.mp3,Song_089.mp3,Song_043.mp3,Song_067.mp3,Song_037.mp3,Song_102.mp3,Song_093.mp3,Song_104.mp3,Song_040.mp3,Song_058.mp3,Song_050.mp3,Song_044.mp3,Song_079.mp3,Song_021.mp3,Song_097.mp3,Song_032.mp3,Song_027.mp3,Song_080.mp3,Song_085.mp3,Song_018.mp3,Song_001.mp3,Song_019.mp3,Song_009.mp3,Song_069.mp3,Song_051.mp3,Song_057.mp3,Song_054.mp3,Song_022.mp3
Song_103.mp3,Song_043.mp3,Song_091.mp3,Song_054.mp3,Song_028.mp3,Song_018.mp3,Song_089.mp3,Song_079.mp3,Song_077.mp3,Song_066.mp3,Song_002.mp3,Song_037.mp3,Song_080.mp3,Song_092.mp3,Song_102.mp3,Song_106.mp3,Song_036.mp3,Song_100.mp3,Song_082.mp3,Song_093.mp3,Song_051.mp3,Song_023.mp3,Song_020.mp3,Song_067.mp3,Song_045.mp3,Song_005.mp3,Song_046.mp3,Song_087.mp3,Song_032.mp3,Song_055.mp3,Song_024.mp3,Song_108.mp3,Song_008.mp3,Song_110.mp3,Song_016.mp3,Song_086.mp3,Song_030.mp3,Song_099.mp3,Song_013.mp3,Song_096.mp3,Song_097.mp3,Song_063.mp3,Song_049.mp3,Song_057.mp3,Song_081.mp3,Song_019.mp3,Song_053.mp3,Song_050.mp3,Song_006.mp3,Song_044.mp3,Song_022.mp3,Song_088.mp3,Song_034.mp3,Song_031.mp3,Song_041.mp3
Song_004.mp3,Song_070.mp3,Song_058.mp3,Song_035.mp3,Song_027.mp3,Song_003.mp3,Song_083.mp3,Song_105.mp3,Song_010.mp3,Song_038.mp3,Song_042.mp3,Song_017.mp3,Song_014.mp3,Song_107.mp3,Song_021.mp3,Song_001.mp3,Song_072.mp3,Song_029.mp3,Song_025.mp3,Song_047.mp3,Song_085.mp3,Song_071.mp3,Song_076.mp3,Song_009.mp3,Song_090.mp3,Song_068.mp3,Song_015.mp3,Song_109.mp3,Song_098.mp3,Song_060.mp3,Song_078.mp3,Song_064.mp3,Song_056.mp3,Song_052.mp3,Song_007.mp3,Song_075.mp3,Song_095.mp3,Song_101.mp3,Song_073.mp3,Song_012.mp3,Song_011.mp3,Song_094.mp3,Song_026.mp3,Song_065.mp3,Song_061.mp3,Song_074.mp3,Song_059.mp3,Song_104.mp3,Song_069.mp3,Song_062.mp3,Song_048.mp3,Song_084.mp3,Song_040.mp3,Song_039.mp3,Song_033.mp3
Song_094.mp3,Song_058.mp3,Song_055.mp3,Song_071.mp3,Song_051.mp3,Song_069.mp3,Song_014.mp3,Song_075.mp3,Song_063.mp3,Song_011.mp3,Song_043.mp3,Song_110.mp3,Song_037.mp3,Song_010.mp3,Song_046.mp3,Song_089.mp3,Song_090.mp3,Song_102.mp3,Song_059.mp3,Song_041.mp3,Song_026.mp3,Song_088.mp3,Song_065.mp3,Song_006.mp3,Song_033.mp3,Song_079.mp3,Song_036.mp3,Song_053.mp3,Song_034.mp3,Song_028.mp3,Song_031.mp3,Song_029.mp3,Song_076.mp3,Song_103.mp3,Song_050.mp3,Song_070.mp3,Song_057.mp3,Song_012.mp3,Song_062.mp3,Song_078.mp3,Song_015.mp3,Song_035.mp3,Song_074.mp3,Song_060.mp3,Song_032.mp3,Song_067.mp3,Song_101.mp3,Song_027.mp3,Song_009.mp3,Song_018.mp3,Song_045.mp3,Song_049.mp3,Song_100.mp3,Song_107.mp3,Song_005.mp3
Song_099.mp3,Song_039.mp3,Song_080.mp3,Song_042.mp3,Song_044.mp3,Song_087.mp3,Song_096.mp3,Song_024.mp3,Song_054.mp3,Song_016.mp3,Song_072.mp3,Song_040.mp3,Song_003.mp3,Song_083.mp3,Song_013.mp3,Song_084.mp3,Song_008.mp3,Song_017.mp3,Song_048.mp3,Song_082.mp3,Song_021.mp3,Song_020.mp3,Song_077.mp3,Song_004.mp3,Song_019.mp3,Song_022.mp3,Song_104.mp3,Song_109.mp3,Song_108.mp3,Song_025.mp3,Song_086.mp3,Song_061.mp3,Song_097.mp3,Song_007.mp3,Song_081.mp3,Song_098.mp3,Song_093.mp3,Song_038.mp3,Song_056.mp3,Song_052.mp3,Song_106.mp3,Song_091.mp3,Song_068.mp3,Song_105.mp3,Song_023.mp3,Song_085.mp3,Song_095.mp3,Song_064.mp3,Song_073.mp3,Song_030.mp3,Song_047.mp3,Song_001.mp3,Song_002.mp3,Song_092.mp3,Song_066.mp3
Song_046.mp3,Song_036.mp3,Song_053.mp3,Song_018.mp3,Song_020.mp3,Song_005.mp3,Song_100.mp3,Song_104.mp3,Song_022.mp3,Song_109.mp3,Song_090.mp3,Song_002.mp3,Song_057.mp3,Song_030.mp3,Song_067.mp3,Song_028.mp3,Song_055.mp3,Song_110.mp3,Song_079.mp3,Song_101.mp3,Song_016.mp3,Song_008.mp3,Song_063.mp3,Song_017.mp3,Song_073.mp3,Song_069.mp3,Song_071.mp3,Song_009.mp3,Song_051.mp3,Song_108.mp3,Song_031.mp3,Song_098.mp3,Song_021.mp3,Song_088.mp3,Song_086.mp3,Song_042.mp3,Song_035.mp3,Song_040.mp3,Song_015.mp3,Song_003.mp3,Song_076.mp3,Song_023.mp3,Song_106.mp3,Song_082.mp3,Song_107.mp3,Song_049.mp3,Song_068.mp3,Song_010.mp3,Song_066.mp3,Song_039.mp3,Song_025.mp3,Song_059.mp3,Song_060.mp3,Song_027.mp3,Song_014.mp3
Song_091.mp3,Song_056.mp3,Song_012.mp3,Song_102.mp3,Song_061.mp3,Song_029.mp3,Song_041.mp3,Song_058.mp3,Song_089.mp3,Song_007.mp3,Song_074.mp3,Song_083.mp3,Song_054.mp3,Song_093.mp3,Song_080.mp3,Song_034.mp3,Song_070.mp3,Song_044.mp3,Song_085.mp3,Song_024.mp3,Song_037.mp3,Song_048.mp3,Song_052.mp3,Song_006.mp3,Song_013.mp3,Song_099.mp3,Song_047.mp3,Song_087.mp3,Song_095.mp3,Song_032.mp3,Song_045.mp3,Song_004.mp3,Song_072.mp3,Song_103.mp3,Song_084.mp3,Song_097.mp3,Song_077.mp3,Song_078.mp3,Song_033.mp3,Song_038.mp3,Song_050.mp3,Song_081.mp3,Song_065.mp3,Song_019.mp3,Song_011.mp3,Song_062.mp3,Song_092.mp3,Song_043.mp3,Song_094.mp3,Song_026.mp3,Song_001.mp3,Song_105.mp3,Song_064.mp3,Song_096.mp3,Song_075.mp3
Song_047.mp3,Song_109.mp3,Song_064.mp3,Song_004.mp3,Song_051.mp3,Song_078.mp3,Song_009.mp3,Song_043.mp3,Song_017.mp3,Song_019.mp3,Song_089.mp3,Song_038.mp3,Song_029.mp3,Song_055.mp3,Song_003.mp3,Song_023.mp3,Song_025.mp3,Song_088.mp3,Song_075.mp3,Song_074.mp3,Song_040.mp3,Song_011.mp3,Song_073.mp3,Song_001.mp3,Song_100.mp3,Song_068.mp3,Song_007.mp3,Song_072.mp3,Song_059.mp3,Song_016.mp3,Song_095.mp3,Song_099.mp3,Song_018.mp3,Song_013.mp3,Song_058.mp3,Song_106.mp3,Song_015.mp3,Song_041.mp3,Song_042.mp3,Song_082.mp3,Song_070.mp3,Song_035.mp3,Song_093.mp3,Song_034.mp3,Song_096.mp3,Song_056.mp3,Song_076.mp3,Song_104.mp3,Song_010.mp3,Song_039.mp3,Song_091.mp3,Song_030.mp3,Song_048.mp3,Song_050.mp3,Song_012.mp3
Song_036.mp3,Song_002.mp3,Song_090.mp3,Song_028.mp3,Song_103.mp3,Song_107.mp3,Song_086.mp3,Song_014.mp3,Song_037.mp3,Song_092.mp3,Song_049.mp3,Song_094.mp3,Song_066.mp3,Song_062.mp3,Song_020.mp3,Song_027.mp3,Song_032.mp3,Song_080.mp3,Song_057.mp3,Song_083.mp3,Song_046.mp3,Song_044.mp3,Song_021.mp3,Song_108.mp3,Song_061.mp3,Song_067.mp3,Song_079.mp3,Song_063.mp3,Song_081.mp3,Song_026.mp3,Song_097.mp3,Song_060.mp3,Song_022.mp3,Song_105.mp3,Song_077.mp3,Song_065.mp3,Song_071.mp3,Song_084.mp3,Song_085.mp3,Song_024.mp3,Song_052.mp3,Song_045.mp3,Song_031.mp3,Song_098.mp3,Song_054.mp3,Song_006.mp3,Song_008.mp3,Song_110.mp3,Song_053.mp3,Song_005.mp3,Song_101.mp3,Song_033.mp3,Song_069.mp3,Song_102.mp3,Song_087.mp3
Song_013.mp3,Song_108.mp3,Song_045.mp3,Song_055.mp3,Song_096.mp3,Song_009.mp3,Song_034.mp3,Song_049.mp3,Song_018.mp3,Song_082.mp3,Song_069.mp3,Song_021.mp3,Song_033.mp3,Song_104.mp3,Song_070.mp3,Song_024.mp3,Song_091.mp3,Song_101.mp3,Song_006.mp3,Song_015.mp3,Song_025.mp3,Song_007.mp3,Song_037.mp3,Song_083.mp3,Song_085.mp3,Song_077.mp3,Song_004.mp3,Song_014.mp3,Song_052.mp3,Song_001.mp3,Song_103.mp3,Song_107.mp3,Song_035.mp3,Song_027.mp3,Song_042.mp3,Song_008.mp3,Song_002.mp3,Song_054.mp3,Song_095.mp3,Song_012.mp3,Song_080.mp3,Song_036.mp3,Song_048.mp3,Song_038.mp3,Song_019.mp3,Song_065.mp3,Song_028.mp3,Song_064.mp3,Song_039.mp3,Song_090.mp3,Song_022.mp3,Song_060.mp3,Song_078.mp3,Song_071.mp3,Song_061.mp3
Song_023.mp3,Song_059.mp3,Song_017.mp3,Song_062.mp3,Song_057.mp3,Song_110.mp3,Song_092.mp3,Song_003.mp3,Song_105.mp3,Song_066.mp3,Song_079.mp3,Song_031.mp3,Song_098.mp3,Song_086.mp3,Song_099.mp3,Song_032.mp3,Song_094.mp3,Song_020.mp3,Song_087.mp3,Song_067.mp3,Song_088.mp3,Song_053.mp3,Song_068.mp3,Song_109.mp3,Song_041.mp3,Song_058.mp3,Song_010.mp3,Song_040.mp3,Song_051.mp3,Song_102.mp3,Song_063.mp3,Song_093.mp3,Song_029.mp3,Song_043.mp3,Song_016.mp3,Song_005.mp3,Song_084.mp3,Song_026.mp3,Song_100.mp3,Song_047.mp3,Song_011.mp3,Song_072.mp3,Song_076.mp3,Song_056.mp3,Song_073.mp3,Song_106.mp3,Song_050.mp3,Song_074.mp3,Song_044.mp3,Song_075.mp3,Song_081.mp3,Song_097.mp3,Song_089.mp3,Song_046.mp3,Song_030.mp3
Song_055.mp3,Song_061.mp3,Song_054.mp3,Song_004.mp3,Song_100.mp3,Song_052.mp3,Song_030.mp3,Song_091.mp3,Song_093.mp3,Song_096.mp3,Song_106.mp3,Song_026.mp3,Song_101.mp3,Song_041.mp3,Song_097.mp3,Song_040.mp3,Song_049.mp3,Song_090.mp3,Song_048.mp3,Song_039.mp3,Song_020.mp3,Song_083.mp3,Song_104.mp3,Song_050.mp3,Song_051.mp3,Song_084.mp3,Song_028.mp3,Song_074.mp3,Song_038.mp3,Song_008.mp3,Song_082.mp3,Song_102.mp3,Song_019.mp3,Song_066.mp3,Song_110.mp3,Song_034.mp3,Song_011.mp3,Song_036.mp3,Song_024.mp3,Song_029.mp3,Song_058.mp3,Song_045.mp3,Song_014.mp3,Song_005.mp3,Song_064.mp3,Song_073.mp3,Song_075.mp3,Song_013.mp3,Song_006.mp3,Song_085.mp3,Song_107.mp3,Song_042.mp3,Song_094.mp3,Song_059.mp3,Song_002.mp3
Song_044.mp3,Song_018.mp3,Song_032.mp3,Song_098.mp3,Song_027.mp3,Song_077.mp3,Song_076.mp3,Song_031.mp3,Song_046.mp3,Song_092.mp3,Song_037.mp3,Song_012.mp3,Song_015.mp3,Song_095.mp3,Song_087.mp3,Song_043.mp3,Song_081.mp3,Song_078.mp3,Song_062.mp3,Song_017.mp3,Song_086.mp3,Song_099.mp3,Song_067.mp3,Song_089.mp3,Song_071.mp3,Song_007.mp3,Song_060.mp3,Song_033.mp3,Song_053.mp3,Song_035.mp3,Song_010.mp3,Song_108.mp3,Song_021.mp3,Song_047.mp3,Song_103.mp3,Song_079.mp3,Song_088.mp3,Song_001.mp3,Song_063.mp3,Song_025.mp3,Song_105.mp3,Song_080.mp3,Song_069.mp3,Song_016.mp3,Song_009.mp3,Song_003.mp3,Song_072.mp3,Song_070.mp3,Song_065.mp3,Song_057.mp3,Song_022.mp3,Song_056.mp3,Song_023.mp3,Song_068.mp3,Song_109.mp3
Song_082.mp3,Song_109.mp3,Song_072.mp3,Song_106.mp3,Song_048.mp3,Song_004.mp3,Song_036.mp3,Song_091.mp3,Song_066.mp3,Song_089.mp3,Song_099.mp3,Song_095.mp3,Song_049.mp3,Song_061.mp3,Song_042.mp3,Song_031.mp3,Song_105.mp3,Song_038.mp3,Song_022.mp3,Song_060.mp3,Song_110.mp3,Song_056.mp3,Song_093.mp3,Song_028.mp3,Song_077.mp3,Song_051.mp3,Song_034.mp3,Song_026.mp3,Song_041.mp3,Song_079.mp3,Song_101.mp3,Song_010.mp3,Song_057.mp3,Song_001.mp3,Song_035.mp3,Song_097.mp3,Song_081.mp3,Song_040.mp3,Song_070.mp3,Song_092.mp3,Song_007.mp3,Song_053.mp3,Song_045.mp3,Song_063.mp3,Song_054.mp3,Song_083.mp3,Song_050.mp3,Song_088.mp3,Song_086.mp3,Song_055.mp3,Song_085.mp3,Song_052.mp3,Song_013.mp3,Song_075.mp3,Song_018.mp3
Song_058.mp3,Song_011.mp3,Song_064.mp3,Song_074.mp3,Song_032.mp3,Song_107.mp3,Song_023.mp3,Song_062.mp3,Song_043.mp3,Song_094.mp3,Song_027.mp3,Song_059.mp3,Song_096.mp3,Song_005.mp3,Song_065.mp3,Song_069.mp3,Song_067.mp3,Song_008.mp3,Song_033.mp3,Song_039.mp3,Song_090.mp3,Song_024.mp3,Song_047.mp3,Song_098.mp3,Song_025.mp3,Song_084.mp3,Song_017.mp3,Song_006.mp3,Song_015.mp3,Song_102.mp3,Song_103.mp3,Song_009.mp3,Song_076.mp3,Song_068.mp3,Song_044.mp3,Song_021.mp3,Song_029.mp3,Song_016.mp3,Song_020.mp3,Song_046.mp3,Song_030.mp3,Song_019.mp3,Song_108.mp3,Song_078.mp3,Song_014.mp3,Song_080.mp3,Song_003.mp3,Song_087.mp3,Song_073.mp3,Song_104.mp3,Song_002.mp3,Song_071.mp3,Song_012.mp3,Song_037.mp3,Song_100.mp3
Song_097.mp3,Song_101.mp3,Song_088.mp3,Song_095.mp3,Song_099.mp3,Song_091.mp3,Song_031.mp3,Song_024.mp3,Song_079.mp3,Song_008.mp3,Song_021.mp3,Song_048.mp3,Song_045.mp3,Song_015.mp3,Song_074.mp3,Song_087.mp3,Song_028.mp3,Song_078.mp3,Song_046.mp3,Song_063.mp3,Song_049.mp3,Song_023.mp3,Song_025.mp3,Song_030.mp3,Song_013.mp3,Song_062.mp3,Song_022.mp3,Song_102.mp3,Song_040.mp3,Song_051.mp3,Song_007.mp3,Song_017.mp3,Song_055.mp3,Song_072.mp3,Song_032.mp3,Song_104.mp3,Song_077.mp3,Song_080.mp3,Song_014.mp3,Song_089.mp3,Song_071.mp3,Song_093.mp3,Song_098.mp3,Song_018.mp3,Song_075.mp3,Song_083.mp3,Song_082.mp3,Song_100.mp3,Song_086.mp3,Song_073.mp3,Song_085.mp3,Song_059.mp3,Song_084.mp3,Song_105.mp3,Song_003.mp3
Song_026.mp3,Song_107.mp3,Song_010.mp3,Song_001.mp3,Song_110.mp3,Song_002.mp3,Song_090.mp3,Song_039.mp3,Song_009.mp3,Song_042.mp3,Song_034.mp3,Song_004.mp3,Song_061.mp3,Song_109.mp3,Song_020.mp3,Song_016.mp3,Song_081.mp3,Song_036.mp3,Song_106.mp3,Song_037.mp3,Song_068.mp3,Song_050.mp3,Song_052.mp3,Song_053.mp3,Song_035.mp3,Song_103.mp3,Song_029.mp3,Song_066.mp3,Song_076.mp3,Song_054.mp3,Song_038.mp3,Song_019.mp3,Song_033.mp3,Song_067.mp3,Song_060.mp3,Song_058.mp3,Song_043.mp3,Song_070.mp3,Song_057.mp3,Song_065.mp3,Song_096.mp3,Song_027.mp3,Song_056.mp3,Song_005.mp3,Song_064.mp3,Song_011.mp3,Song_094.mp3,Song_044.mp3,Song_012.mp3,Song_047.mp3,Song_041.mp3,Song_069.mp3,Song_092.mp3,Song_108.mp3,Song_006.mp3
Song_107.mp3,Song_034.mp3,Song_055.mp3,Song_002.mp3,Song_049.mp3,Song_087.mp3,Song_106.mp3,Song_072.mp3,Song_090.mp3,Song_093.mp3,Song_026.mp3,Song_077.mp3,Song_009.mp3,Song_032.mp3,Song_019.mp3,Song_092.mp3,Song_074.mp3,Song_013.mp3,Song_038.mp3,Song_088.mp3,Song_086.mp3,Song_003.mp3,Song_084.mp3,Song_110.mp3,Song_056.mp3,Song_044.mp3,Song_048.mp3,Song_053.mp3,Song_082.mp3,Song_030.mp3,Song_012.mp3,Song_033.mp3,Song_095.mp3,Song_089.mp3,Song_099.mp3,Song_065.mp3,Song_102.mp3,Song_037.mp3,Song_097.mp3,Song_028.mp3,Song_040.mp3,Song_096.mp3,Song_104.mp3,Song_022.mp3,Song_017.mp3,Song_069.mp3,Song_001.mp3,Song_029.mp3,Song_067.mp3,Song_006.mp3,Song_057.mp3,Song_043.mp3,Song_085.mp3,Song_076.mp3,Song_024.mp3
Song_041.mp3,Song_054.mp3,Song_010.mp3,Song_105.mp3,Song_060.mp3,Song_108.mp3,Song_068.mp3,Song_063.mp3,Song_101.mp3,Song_078.mp3,Song_045.mp3,Song_091.mp3,Song_059.mp3,Song_039.mp3,Song_007.mp3,Song_035.mp3,Song_083.mp3,Song_094.mp3,Song_046.mp3,Song_047.mp3,Song_011.mp3,Song_066.mp3,Song_031.mp3,Song_042.mp3,Song_050.mp3,Song_004.mp3,Song_058.mp3,Song_020.mp3,Song_062.mp3,Song_014.mp3,Song_005.mp3,Song_015.mp3,Song_023.mp3,Song_051.mp3,Song_103.mp3,Song_075.mp3,Song_109.mp3,Song_073.mp3,Song_098.mp3,Song_036.mp3,Song_027.mp3,Song_008.mp3,Song_100.mp3,Song_021.mp3,Song_064.mp3,Song_070.mp3,Song_079.mp3,Song_061.mp3,Song_081.mp3,Song_018.mp3,Song_071.mp3,Song_016.mp3,Song_025.mp3,Song_080.mp3,Song_052.mp3
Song_013.mp3,Song_071.mp3,Song_107.mp3,Song_043.mp3,Song_045.mp3,Song_005.mp3,Song_022.mp3,Song_065.mp3,Song_024.mp3,Song_027.mp3,Song_096.mp3,Song_080.mp3,Song_028.mp3,Song_097.mp3,Song_058.mp3,Song_053.mp3,Song_109.mp3,Song_088.mp3,Song_044.mp3,Song_082.mp3,Song_049.mp3,Song_006.mp3,Song_009.mp3,Song_094.mp3,Song_072.mp3,Song_075.mp3,Song_051.mp3,Song_020.mp3,Song_090.mp3,Song_038.mp3,Song_083.mp3,Song_074.mp3,Song_050.mp3,Song_073.mp3,Song_104.mp3,Song_092.mp3,Song_085.mp3,Song_098.mp3,Song_002.mp3,Song_103.mp3,Song_036.mp3,Song_032.mp3,Song_087.mp3,Song_059.mp3,Song_093.mp3,Song_021.mp3,Song_001.mp3,Song_018.mp3,Song_041.mp3,Song_108.mp3,Song_019.mp3,Song_029.mp3,Song_040.mp3,Song_017.mp3,Song_101.mp3
Song_061.mp3,Song_003.mp3,Song_057.mp3,Song_091.mp3,Song_060.mp3,Song_011.mp3,Song_089.mp3,Song_077.mp3,Song_052.mp3,Song_078.mp3,Song_055.mp3,Song_031.mp3,Song_007.mp3,Song_046.mp3,Song_066.mp3,Song_033.mp3,Song_106.mp3,Song_086.mp3,Song_047.mp3,Song_068.mp3,Song_030.mp3,Song_025.mp3,Song_099.mp3,Song_105.mp3,Song_067.mp3,Song_064.mp3,Song_069.mp3,Song_026.mp3,Song_056.mp3,Song_004.mp3,Song_008.mp3,Song_015.mp3,Song_084.mp3,Song_034.mp3,Song_063.mp3,Song_054.mp3,Song_070.mp3,Song_048.mp3,Song_110.mp3,Song_062.mp3,Song_081.mp3,Song_023.mp3,Song_079.mp3,Song_016.mp3,Song_010.mp3,Song_095.mp3,Song_102.mp3,Song_076.mp3,Song_037.mp3,Song_012.mp3,Song_042.mp3,Song_100.mp3,Song_035.mp3,Song_039.mp3,Song_014.mp3
Song_032.mp3,Song_097.mp3,Song_042.mp3,Song_049.mp3,Song_103.mp3,Song_043.mp3,Song_011.mp3,Song_090.mp3,Song_021.mp3,Song_087.mp3,Song_107.mp3,Song_026.mp3,Song_041.mp3,Song_014.mp3,Song_058.mp3,Song_084.mp3,Song_106.mp3,Song_092.mp3,Song_047.mp3,Song_034.mp3,Song_066.mp3,Song_059.mp3,Song_007.mp3,Song_020.mp3,Song_002.mp3,Song_070.mp3,Song_073.mp3,Song_062.mp3,Song_100.mp3,Song_099.mp3,Song_057.mp3,Song_003.mp3,Song_039.mp3,Song_019.mp3,Song_080.mp3,Song_010.mp3,Song_083.mp3,Song_088.mp3,Song_094.mp3,Song_095.mp3,Song_024.mp3,Song_037.mp3,Song_081.mp3,Song_031.mp3,Song_040.mp3,Song_071.mp3,Song_001.mp3,Song_093.mp3,Song_033.mp3,Song_060.mp3,Song_079.mp3,Song_064.mp3,Song_105.mp3,Song_008.mp3,Song_012.mp3
Song_051.mp3,Song_056.mp3,Song_110.mp3,Song_096.mp3,Song_063.mp3,Song_048.mp3,Song_082.mp3,Song_074.mp3,Song_013.mp3,Song_023.mp3,Song_045.mp3,Song_005.mp3,Song_025.mp3,Song_030.mp3,Song_077.mp3,Song_053.mp3,Song_004.mp3,Song_102.mp3,Song_061.mp3,Song_044.mp3,Song_029.mp3,Song_035.mp3,Song_086.mp3,Song_027.mp3,Song_091.mp3,Song_038.mp3,Song_108.mp3,Song_050.mp3,Song_109.mp3,Song_006.mp3,Song_078.mp3,Song_085.mp3,Song_016.mp3,Song_054.mp3,Song_076.mp3,Song_068.mp3,Song_015.mp3,Song_036.mp3,Song_089.mp3,Song_098.mp3,Song_022.mp3,Song_028.mp3,Song_101.mp3,Song_009.mp3,Song_067.mp3,Song_052.mp3,Song_065.mp3,Song_017.mp3,Song_072.mp3,Song_046.mp3,Song_104.mp3,Song_075.mp3,Song_055.mp3,Song_069.mp3,Song_018.mp3
Song_098.mp3,Song_102.mp3,Song_089.mp3,Song_050.mp3,Song_023.mp3,Song_048.mp3,Song_046.mp3,Song_081.mp3,Song_003.mp3,Song_047.mp3,Song_075.mp3,Song_029.mp3,Song_010.mp3,Song_078.mp3,Song_087.mp3,Song_007.mp3,Song_084.mp3,Song_065.mp3,Song_025.mp3,Song_097.mp3,Song_076.mp3,Song_070.mp3,Song_002.mp3,Song_041.mp3,Song_045.mp3,Song_019.mp3,Song_016.mp3,Song_108.mp3,Song_079.mp3,Song_100.mp3,Song_056.mp3,Song_031.mp3,Song_021.mp3,Song_043.mp3,Song_085.mp3,Song_009.mp3,Song_064.mp3,Song_037.mp3,Song_101.mp3,Song_099.mp3,Song_036.mp3,Song_055.mp3,Song_092.mp3,Song_106.mp3,Song_071.mp3,Song_107.mp3,Song_030.mp3,Song_014.mp3,Song_109.mp3,Song_095.mp3,Song_069.mp3,Song_035.mp3,Song_026.mp3,Song_068.mp3,Song_028.mp3
Song_042.mp3,Song_013.mp3,Song_066.mp3,Song_011.mp3,Song_088.mp3,Song_093.mp3,Song_067.mp3,Song_091.mp3,Song_005.mp3,Song_033.mp3,Song_059.mp3,Song_104.mp3,Song_024.mp3,Song_052.mp3,Song_083.mp3,Song_008.mp3,Song_103.mp3,Song_058.mp3,Song_073.mp3,Song_001.mp3,Song_022.mp3,Song_049.mp3,Song_015.mp3,Song_082.mp3,Song_020.mp3,Song_096.mp3,Song_060.mp3,Song_027.mp3,Song_051.mp3,Song_072.mp3,Song_074.mp3,Song_044.mp3,Song_061.mp3,Song_034.mp3,Song_057.mp3,Song_018.mp3,Song_006.mp3,Song_077.mp3,Song_054.mp3,Song_039.mp3,Song_105.mp3,Song_062.mp3,Song_004.mp3,Song_040.mp3,Song_090.mp3,Song_086.mp3,Song_053.mp3,Song_038.mp3,Song_063.mp3,Song_012.mp3,Song_032.mp3,Song_080.mp3,Song_094.mp3,Song_110.mp3,Song_017.mp3
Song_007.mp3,Song_031.mp3,Song_105.mp3,Song_021.mp3,Song_098.mp3,Song_008.mp3,Song_092.mp3,Song_036.mp3,Song_042.mp3,Song_068.mp3,Song_004.mp3,Song_059.mp3,Song_005.mp3,Song_032.mp3,Song_045.mp3,Song_057.mp3,Song_107.mp3,Song_080.mp3,Song_050.mp3,Song_052.mp3,Song_066.mp3,Song_039.mp3,Song_096.mp3,Song_054.mp3,Song_069.mp3,Song_086.mp3,Song_018.mp3,Song_063.mp3,Song_083.mp3,Song_089.mp3,Song_046.mp3,Song_056.mp3,Song_090.mp3,Song_027.mp3,Song_084.mp3,Song_077.mp3,Song_070.mp3,Song_006.mp3,Song_102.mp3,Song_108.mp3,Song_110.mp3,Song_081.mp3,Song_040.mp3,Song_020.mp3,Song_082.mp3,Song_028.mp3,Song_094.mp3,Song_047.mp3,Song_029.mp3,Song_091.mp3,Song_088.mp3,Song_041.mp3,Song_013.mp3,Song_051.mp3,Song_100.mp3
Song_025.mp3,Song_101.mp3,Song_073.mp3,Song_067.mp3,Song_093.mp3,Song_016.mp3,Song_095.mp3,Song_037.mp3,Song_026.mp3,Song_044.mp3,Song_079.mp3,Song_035.mp3,Song_003.mp3,Song_034.mp3,Song_087.mp3,Song_012.mp3,Song_022.mp3,Song_078.mp3,Song_103.mp3,Song_030.mp3,Song_072.mp3,Song_049.mp3,Song_076.mp3,Song_019.mp3,Song_001.mp3,Song_075.mp3,Song_024.mp3,Song_002.mp3,Song_043.mp3,Song_097.mp3,Song_014.mp3,Song_010.mp3,Song_060.mp3,Song_017.mp3,Song_106.mp3,Song_053.mp3,Song_055.mp3,Song_009.mp3,Song_011.mp3,Song_064.mp3,Song_074.mp3,Song_033.mp3,Song_104.mp3,Song_061.mp3,Song_065.mp3,Song_023.mp3,Song_058.mp3,Song_038.mp3,Song_085.mp3,Song_015.mp3,Song_048.mp3,Song_099.mp3,Song_071.mp3,Song_062.mp3,Song_109.mp3
Song_001.mp3,Song_009.mp3,Song_028.mp3,Song_017.mp3,Song_085.mp3,Song_043.mp3,Song_104.mp3,Song_032.mp3,Song_023.mp3,Song_025.mp3,Song_016.mp3,Song_020.mp3,Song_084.mp3,Song_047.mp3,Song_041.mp3,Song_038.mp3,Song_036.mp3,Song_078.mp3,Song_045.mp3,Song_075.mp3,Song_039.mp3,Song_059.mp3,Song_051.mp3,Song_056.mp3,Song_101.mp3,Song_049.mp3,Song_093.mp3,Song_088.mp3,Song_082.mp3,Song_053.mp3,Song_096.mp3,Song_089.mp3,Song_076.mp3,Song_067.mp3,Song_063.mp3,Song_058.mp3,Song_030.mp3,Song_054.mp3,Song_012.mp3,Song_018.mp3,Song_057.mp3,Song_066.mp3,Song_019.mp3,Song_008.mp3,Song_026.mp3,Song_042.mp3,Song_087.mp3,Song_004.mp3,Song_007.mp3,Song_102.mp3,Song_086.mp3,Song_100.mp3,Song_013.mp3,Song_109.mp3,Song_080.mp3
Song_037.mp3,Song_002.mp3,Song_040.mp3,Song_022.mp3,Song_070.mp3,Song_073.mp3,Song_029.mp3,Song_083.mp3,Song_035.mp3,Song_034.mp3,Song_011.mp3,Song_005.mp3,Song_065.mp3,Song_015.mp3,Song_050.mp3,Song_014.mp3,Song_033.mp3,Song_094.mp3,Song_095.mp3,Song_006.mp3,Song_064.mp3,Song_103.mp3,Song_098.mp3,Song_055.mp3,Song_044.mp3,Song_110.mp3,Song_069.mp3,Song_097.mp3,Song_052.mp3,Song_048.mp3,Song_027.mp3,Song_107.mp3,Song_108.mp3,Song_071.mp3,Song_105.mp3,Song_077.mp3,Song_099.mp3,Song_079.mp3,Song_106.mp3,Song_031.mp3,Song_061.mp3,Song_090.mp3,Song_081.mp3,Song_092.mp3,Song_060.mp3,Song_074.mp3,Song_046.mp3,Song_021.mp3,Song_091.mp3,Song_010.mp3,Song_024.mp3,Song_068.mp3,Song_062.mp3,Song_072.mp3,Song_003.mp3
Song_010.mp3,Song_013.mp3,Song_006.mp3,Song_051.mp3,Song_052.mp3,Song_053.mp3,Song_044.mp3,Song_076.mp3,Song_059.mp3,Song_032.mp3,Song_022.mp3,Song_057.mp3,Song_105.mp3,Song_103.mp3,Song_048.mp3,Song_069.mp3,Song_070.mp3,Song_046.mp3,Song_110.mp3,Song_019.mp3,Song_030.mp3,Song_035.mp3,Song_023.mp3,Song_066.mp3,Song_072.mp3,Song_087.mp3,Song_054.mp3,Song_106.mp3,Song_097.mp3,Song_077.mp3,Song_039.mp3,Song_011.mp3,Song_034.mp3,Song_109.mp3,Song_047.mp3,Song_033.mp3,Song_025.mp3,Song_104.mp3,Song_038.mp3,Song_061.mp3,Song_064.mp3,Song_003.mp3,Song_081.mp3,Song_016.mp3,Song_056.mp3,Song_009.mp3,Song_107.mp3,Song_058.mp3,Song_093.mp3,Song_017.mp3,Song_095.mp3,Song_021.mp3,Song_031.mp3,Song_041.mp3,Song_043.mp3
Song_088.mp3,Song_024.mp3,Song_042.mp3,Song_029.mp3,Song_098.mp3,Song_060.mp3,Song_089.mp3,Song_007.mp3,Song_074.mp3,Song_079.mp3,Song_094.mp3,Song_068.mp3,Song_049.mp3,Song_083.mp3,Song_101.mp3,Song_082.mp3,Song_100.mp3,Song_020.mp3,Song_092.mp3,Song_005.mp3,Song_027.mp3,Song_014.mp3,Song_078.mp3,Song_008.mp3,Song_080.mp3,Song_012.mp3,Song_004.mp3,Song_090.mp3,Song_099.mp3,Song_037.mp3,Song_075.mp3,Song_045.mp3,Song_096.mp3,Song_018.mp3,Song_071.mp3,Song_063.mp3,Song_055.mp3,Song_028.mp3,Song_001.mp3,Song_073.mp3,Song_102.mp3,Song_002.mp3,Song_050.mp3,Song_086.mp3,Song_067.mp3,Song_108.mp3,Song_084.mp3,Song_065.mp3,Song_085.mp3,Song_062.mp3,Song_091.mp3,Song_015.mp3,Song_026.mp3,Song_036.mp3,Song_040.mp3
Song_038.mp3,Song_049.mp3,Song_080.mp3,Song_053.mp3,Song_048.mp3,Song_026.mp3,Song_106.mp3,Song_044.mp3,Song_089.mp3,Song_035.mp3,Song_055.mp3,Song_075.mp3,Song_105.mp3,Song_065.mp3,Song_037.mp3,Song_097.mp3,Song_031.mp3,Song_030.mp3,Song_045.mp3,Song_017.mp3,Song_090.mp3,Song_028.mp3,Song_014.mp3,Song_099.mp3,Song_046.mp3,Song_098.mp3,Song_054.mp3,Song_001.mp3,Song_008.mp3,Song_009.mp3,Song_003.mp3,Song_072.mp3,Song_036.mp3,Song_101.mp3,Song_060.mp3,Song_110.mp3,Song_063.mp3,Song_020.mp3,Song_082.mp3,Song_109.mp3,Song_091.mp3,Song_079.mp3,Song_015.mp3,Song_076.mp3,Song_107.mp3,Song_012.mp3,Song_085.mp3,Song_022.mp3,Song_002.mp3,Song_074.mp3,Song_071.mp3,Song_103.mp3,Song_056.mp3,Song_007.mp3,Song_018.mp3
Song_042.mp3,Song_092.mp3,Song_100.mp3,Song_023.mp3,Song_058.mp3,Song_066.mp3,Song_102.mp3,Song_052.mp3,Song_011.mp3,Song_019.mp3,Song_078.mp3,Song_064.mp3,Song_104.mp3,Song_096.mp3,Song_081.mp3,Song_073.mp3,Song_039.mp3,Song_087.mp3,Song_016.mp3,Song_057.mp3,Song_006.mp3,Song_067.mp3,Song_043.mp3,Song_025.mp3,Song_086.mp3,Song_083.mp3,Song_095.mp3,Song_034.mp3,Song_108.mp3,Song_093.mp3,Song_088.mp3,Song_094.mp3,Song_021.mp3,Song_041.mp3,Song_010.mp3,Song_029.mp3,Song_032.mp3,Song_050.mp3,Song_051.mp3,Song_059.mp3,Song_069.mp3,Song_077.mp3,Song_033.mp3,Song_024.mp3,Song_040.mp3,Song_005.mp3,Song_062.mp3,Song_070.mp3,Song_027.mp3,Song_061.mp3,Song_004.mp3,Song_047.mp3,Song_068.mp3,Song_084.mp3,Song_013.mp3
